"","NGenes","Direction","PValue","FDR"
"Set2_500to599",100,"Up",0.0660612687578661,0.528490150062929
"Set8_random150",150,"Down",0.346734355480119,0.936695561698764
"Set1_first100",100,"Up",0.443834745268428,0.936695561698764
"Set6_small10",10,"Up",0.473330673314075,0.936695561698764
"Set5_random500",500,"Down",0.728689091261453,0.936695561698764
"Set4_random50",50,"Down",0.900952841517446,0.936695561698764
"Set3_random200",200,"Up",0.929415400054117,0.936695561698764
"Set7_large2000",2000,"Down",0.936695561698764,0.936695561698764
